datetime,open,high,low,close,volume
2020-01-01,101.66810543153166,102.4532926284043,100.882918234659,101.66810543153166,4694
2020-01-02,101.66810543153166,102.08122499554545,100.6676386147664,101.0783618065038,1066
2020-01-03,101.0783618065038,101.90292982060778,99.75559967266929,100.57607013674144,4070
2020-01-04,100.57607013674144,101.11828663858658,98.99595382303669,99.5325445653534,3022
2020-01-05,99.5325445653534,101.00332258574151,98.96212106421947,100.42776853366533,3297
2020-01-06,100.42776853366533,100.5539477541416,98.04888231738877,98.17222763648184,4294
2020-01-07,98.17222763648184,100.60948767258607,97.50484417628888,99.93015367616334,1877
2020-01-08,99.93015367616334,100.34545425341983,98.78984750139335,99.20212244746229,1178
2020-01-09,99.20212244746229,99.85388474891927,98.89828169836781,99.54898162384552,4440
2020-01-10,99.54898162384552,100.03726443967788,98.84362716358,99.33084000559775,1514
2020-01-11,99.33084000559775,101.27195742318091,98.88959184134242,100.82407599538672,3649
2020-01-12,100.82407599538672,101.35119448429732,98.2813175334512,98.79784266915165,4616
2020-01-13,98.79784266915165,99.7675780927306,97.54245887565723,98.50936276798411,2415
2020-01-14,98.50936276798411,98.93092399441953,97.74113147117126,98.16120278084087,1217
2020-01-15,98.16120278084087,100.10171799515565,97.37888830685459,99.31024600152503,4925
2020-01-16,99.31024600152503,99.90361562148193,97.66634294545152,98.25339799541199,2188
2020-01-17,98.25339799541199,99.13789275032093,97.2303211703124,98.11355705190422,4138
2020-01-18,98.11355705190422,98.52510179026412,96.87713939632035,97.285209568488,3297
2020-01-19,97.285209568488,97.66796704275338,96.9729563326252,97.3554882356928,2353
2020-01-20,97.3554882356928,98.85502443182398,96.45989824163688,97.95392927502306,1523
2020-01-21,97.95392927502306,98.09026237403658,96.77592833038524,96.91080960670952,3467
2020-01-22,96.91080960670952,98.99305614467487,95.9846542370551,98.0559568537367,2450
2020-01-23,98.0559568537367,99.56830583270289,97.46686978423763,98.97370524087165,1935
2020-01-24,98.97370524087165,99.93868296372666,98.53948097698373,99.50214031305437,2588
2020-01-25,99.50214031305437,101.43254089251484,98.51154965057536,100.43268620746196,4699
2020-01-26,100.43268620746196,100.58587254961046,99.6260829488972,99.7782711354161,2757
2020-01-27,99.7782711354161,100.3420540119121,99.12237048785559,99.68562990832356,1212
2020-01-28,99.68562990832356,99.81321492222773,98.66035021380239,98.78678481953582,4323
2020-01-29,98.78678481953582,99.39339313792553,97.94689514897155,98.55206213354217,3452
2020-01-30,98.55206213354217,99.3659293798824,98.29344017800392,99.1058541541413,1969
2020-01-31,99.1058541541413,99.76774576267,97.79474765160239,98.45227423987627,1647
2020-02-01,98.45227423987627,99.41989401471659,97.127780879892,98.09185837477044,3996
2020-02-02,98.09185837477044,98.96233758745247,96.58456158706505,97.44933900384471,4822
2020-02-03,97.44933900384471,97.94306863744491,96.16843467852665,96.65815576146491,4781
2020-02-04,96.65815576146491,97.37112060738164,95.33191449820207,96.0403221117841,2209
2020-02-05,96.0403221117841,96.82516115177627,95.27226664703295,96.05697252998844,1446
2020-02-06,96.05697252998844,96.58082765941425,94.50000268853975,95.01819274122667,4161
2020-02-07,95.01819274122667,95.81821735070294,94.47119187512648,95.26976821456272,3551
2020-02-08,95.26976821456272,97.12170090866329,95.04521169419854,96.89331758569159,3515
2020-02-09,96.89331758569159,98.06654425843688,96.4742928093299,97.64427190552637,3960
2020-02-10,97.64427190552637,97.86689999378395,97.26410847035982,97.48637655860364,3972
2020-02-11,97.48637655860364,98.22162307857204,95.92491232974221,96.65388012516283,2965
2020-02-12,96.65388012516283,97.16548041629991,95.4552539764214,95.96319840845699,3386
2020-02-13,95.96319840845699,98.12248701799226,95.47955257023429,97.63043844084096,4025
2020-02-14,97.63043844084096,98.58620533257165,96.754304668957,97.70936329052773,3548
2020-02-15,97.70936329052773,98.2710523025425,96.55977818180976,97.11806809260901,1124
2020-02-16,97.11806809260901,97.78854876228911,96.66337902308493,97.33285410386152,1964
2020-02-17,97.33285410386152,99.7685830406594,96.99997299804822,99.42853464828616,4651
2020-02-18,99.42853464828616,99.74206288845892,99.26466565343213,99.57794764480275,1105
2020-02-19,99.57794764480275,100.70190115349583,99.10363545486545,100.2245092450486,1339
2020-02-20,100.2245092450486,100.67983068035879,100.10105456458359,100.5559677155343,4525
2020-02-21,100.5559677155343,100.92001907946779,99.8695677178998,100.2324478150881,1934
2020-02-22,100.2324478150881,100.7868921789357,98.57521326846333,99.12352352267614,1202
2020-02-23,99.12352352267614,100.08436724622513,97.84970442308261,98.80748465624694,1319
2020-02-24,98.80748465624694,99.00356279644573,98.43515409605422,98.63088177733616,2864
2020-02-25,98.63088177733616,99.94132161363042,97.93480720171122,99.24094162028403,2804
2020-02-26,99.24094162028403,100.65761486768915,98.69517684537465,100.10708682136185,1361
2020-02-27,100.10708682136185,101.88182918691075,99.30684237537895,101.07385649623085,2954
2020-02-28,101.07385649623085,101.6257771014607,100.84214842187968,101.39333663072809,2048
2020-02-29,101.39333663072809,102.50443677545617,101.216017557775,102.32548753488389,2747
2020-03-01,102.32548753488389,102.79546516824996,101.12033668966725,101.58692211610652,4811
2020-03-02,101.58692211610652,103.73949842741239,100.75668671399818,102.8985435886093,3466
2020-03-03,102.8985435886093,103.74066328558725,102.6181366556448,103.4587297994589,4094
2020-03-04,103.4587297994589,104.27708780687533,102.36556883745382,103.1817358239842,3009
2020-03-05,103.1817358239842,104.09284198575753,102.8089730269726,103.71814132625734,1680
2020-03-06,103.71814132625734,104.02431970526483,103.36484708083519,103.67088596089893,3391
2020-03-07,103.67088596089893,105.00283987256894,103.55161879557728,104.88217918670315,4558
2020-03-08,104.88217918670315,107.00903010126385,104.40098692890182,106.5203221556693,1459
2020-03-09,106.5203221556693,109.38912622609082,106.04846552453236,108.90669858353476,3125
2020-03-10,108.90669858353476,109.66186900417757,106.68369328946225,107.42861452086446,4494
2020-03-11,107.42861452086446,107.60461112494446,105.74661721841834,105.9201425447449,4605
2020-03-12,105.9201425447449,106.17153721183338,105.16857325840404,105.41877796881735,1143
2020-03-13,105.41877796881735,105.74067910292442,105.297632506976,105.61930320090609,2719
2020-03-14,105.61930320090609,106.79647929534111,105.40551207083219,106.58074205227177,3244
2020-03-15,106.58074205227177,107.68408782117052,105.84894764792969,106.949759703448,2234
2020-03-16,106.949759703448,107.44428594539893,104.35541674190603,104.84018851301171,1452
2020-03-17,104.84018851301171,105.24793683517917,104.14439158457947,104.5510152434173,4851
2020-03-18,104.5510152434173,106.08684337072842,103.92149183944188,105.45189557891652,1491
2020-03-19,105.45189557891652,106.77757005559434,104.40358308218832,105.72652740429693,3212
2020-03-20,105.72652740429693,107.47414548475395,104.82675462525705,106.56721810950525,2209
2020-03-21,106.56721810950525,107.34479739407394,105.5863711106775,106.36245632866665,1027
2020-03-22,106.36245632866665,107.34783293676017,105.19729339765962,106.18098883146433,3255
2020-03-23,106.18098883146433,106.55564441976226,106.03684194238743,106.4111850259171,4457
2020-03-24,106.4111850259171,107.05501694314523,106.23741545706785,106.88048101349092,3700
2020-03-25,106.88048101349092,107.68889268970626,106.31764234998133,107.12476759920726,1129
2020-03-26,107.12476759920726,107.72893856199191,106.68100252991186,107.28451175147282,3952
2020-03-27,107.28451175147282,108.29676993208591,105.59358363393093,106.59937738782388,3239
2020-03-28,106.59937738782388,107.61336318290643,106.02309212999533,107.03472440226554,4546
2020-03-29,107.03472440226554,107.82518723629589,106.40783893390835,107.19734929961116,4430
2020-03-30,107.19734929961116,109.42976547632809,106.22642610705707,108.44751906701782,3959
2020-03-31,108.44751906701782,110.3395796414285,107.90314338411913,109.78847275264674,3035
2020-04-01,109.78847275264674,111.00342987780782,108.81208988454821,110.02494399773803,4157
2020-04-02,110.02494399773803,110.38607180169694,109.28581650433505,109.64569953857422,2278
2020-04-03,109.64569953857422,110.02554374708858,108.60274118008925,108.98028018476214,2744
2020-04-04,108.98028018476214,109.90862565543593,108.54923565793494,109.4756219269393,2659
2020-04-05,109.4756219269393,110.24287328830961,108.8266418535095,109.59319622521777,2108
2020-04-06,109.59319622521777,109.91991086614992,108.92408231307952,109.24977315555742,3715
2020-04-07,109.24977315555742,110.10020476990793,108.48034202072598,109.33020714951356,4805
2020-04-08,109.33020714951356,109.58004192935877,108.43869207309997,108.68705716548317,1135
2020-04-09,108.68705716548317,109.68342227261792,108.48632277109321,109.48122113483099,2294
2020-04-10,109.48122113483099,110.44812925092995,108.0626115650977,109.02549483148401,2867
2020-04-11,109.02549483148401,110.74760172840324,108.68404678811397,110.40184321194404,3572
2020-04-12,110.40184321194404,111.37755245946866,109.90790137999521,110.88146478329566,1767
2020-04-13,110.88146478329566,112.26056172367558,110.2002224986721,111.57505808584074,3109
2020-04-14,111.57505808584074,112.21463061197746,109.76038841222139,110.3931861913303,3409
2020-04-15,110.3931861913303,110.79980730675261,110.20726034063482,110.61351038276777,3836
2020-04-16,110.61351038276777,112.45755400905634,109.63268562810693,111.46914225244831,3725
2020-04-17,111.46914225244831,112.53481183865873,109.38837059433493,110.4442419071867,2598
2020-04-18,110.4442419071867,111.36231692837649,109.26775114395987,110.18366006142676,2218
2020-04-19,110.18366006142676,110.64453453436793,109.79204347720597,110.2526726644139,4489
2020-04-20,110.2526726644139,110.88669401734248,108.1561875070325,108.7817501417702,2849
2020-04-21,108.7817501417702,109.6004772279979,108.34066728423424,109.15786930110647,2994
2020-04-22,109.15786930110647,110.77830016021832,108.50379471545635,110.11846965169877,2224
2020-04-23,110.11846965169877,111.19428649073055,108.14186786785505,109.20879754588167,2285
2020-04-24,109.20879754588167,110.04233856454688,108.79322244081509,109.62517899222857,1638
2020-04-25,109.62517899222857,110.394656699924,107.46877385868092,108.22844767256288,3175
2020-04-26,108.22844767256288,108.65418644378835,107.7933353143423,108.21903706702297,4584
2020-04-27,108.21903706702297,109.08157475971605,105.66749694699453,106.51646463447027,2282
2020-04-28,106.51646463447027,108.173706249414,106.09761103775898,107.75000202632275,2769
2020-04-29,107.75000202632275,109.19888637654759,106.77934194370013,108.22395669881675,2668
2020-04-30,108.22395669881675,109.07022685047926,107.38355768756753,108.22978259896281,3029
2020-05-01,108.22978259896281,109.08086793459891,106.58152621916533,107.42629316388246,1064
2020-05-02,107.42629316388246,109.40474187312202,106.86495734491122,108.83603968975955,1441
2020-05-03,108.83603968975955,111.35310037892184,108.5207546862669,111.03145551807798,1035
2020-05-04,111.03145551807798,111.183932319674,108.87054393239205,109.02025880638344,3462
2020-05-05,109.02025880638344,110.83961577849495,108.59546581600011,110.40941001709683,1132
2020-05-06,110.40941001709683,112.40461534204877,110.26212232056123,112.25486578172288,3428
2020-05-07,112.25486578172288,113.48498895883499,111.44161310125986,112.66873789957681,4403
2020-05-08,112.66873789957681,113.46115406591909,110.5758057433633,111.35901039936098,4564
2020-05-09,111.35901039936098,112.90594969712835,110.81621918337966,112.35828775743686,4664
2020-05-10,112.35828775743686,113.24705313919263,111.30141911866558,112.18884418468113,1526
2020-05-11,112.18884418468113,112.84224059034783,110.8971562323639,111.54681340166535,1514
2020-05-12,111.54681340166535,111.69837644525448,110.06643183811507,110.21618690713963,2972
2020-05-13,110.21618690713963,111.10323789667423,109.97226326888594,110.85789407186984,2009
2020-05-14,110.85789407186984,112.08014713287321,110.55406056573413,111.77380335058817,3558
2020-05-15,111.77380335058817,112.22324293126835,110.66557644788465,111.11235636730345,2846
2020-05-16,111.11235636730345,111.89013005728695,110.94893047821148,111.72580190236916,3959
2020-05-17,111.72580190236916,112.44599212218537,109.77549677571254,110.48770616724694,1992
2020-05-18,110.48770616724694,112.03549587934813,109.86803042594084,111.41064379689358,3264
2020-05-19,111.41064379689358,112.22707635251429,110.68010759328187,111.4959805828725,4959
2020-05-20,111.4959805828725,112.04132976244406,110.77705217454381,111.32154817023712,2152
2020-05-21,111.32154817023712,112.2821756749868,110.28176965721077,111.24170819855637,2339
2020-05-22,111.24170819855637,112.81709574419251,110.67587374518642,112.24615215499361,3238
2020-05-23,112.24615215499361,113.25436958143834,112.11834513040203,113.1255612338116,1257
2020-05-24,113.1255612338116,114.76787741053863,112.1235387539818,113.760233251382,4291
2020-05-25,113.760233251382,114.73809617762049,112.97462624794905,113.95117059641053,3883
2020-05-26,113.95117059641053,115.03312437690617,112.99317998683745,114.07410029400134,2015
2020-05-27,114.07410029400134,115.91446627009967,112.98286959092651,114.81613725537497,4695
2020-05-28,114.81613725537497,115.28578554431918,114.64871104919473,115.11791927614037,3172
2020-05-29,115.11791927614037,116.30235460763477,114.75925250199354,115.94112302139237,2873
2020-05-30,115.94112302139237,116.12316113414711,115.43527802536477,115.61680693234982,3299
2020-05-31,115.61680693234982,116.17118038489042,112.32837522304054,112.86957591997869,1937
2020-06-01,112.86957591997869,115.08343570503199,111.87920608017811,114.08242377741911,4923
2020-06-02,114.08242377741911,116.84217731290185,113.88453459756319,116.63985197756894,2068
2020-06-03,116.63985197756894,117.8071394786569,116.02655875221052,117.19094858317112,1113
2020-06-04,117.19094858317112,117.44055217689338,116.85933328718086,117.1087618323297,1737
2020-06-05,117.1087618323297,118.04047567733247,116.0534494198904,116.98417203212819,1390
2020-06-06,116.98417203212819,117.98705387324055,115.87804997175785,116.88003910214941,4569
2020-06-07,116.88003910214941,117.09796005248175,116.71762044411555,116.93546437446724,3865
2020-06-08,116.93546437446724,117.56433940658134,115.04340923850282,115.66545419819481,3607
2020-06-09,115.66545419819481,116.03034393683532,114.74030739839442,115.10342410102616,4400
2020-06-10,115.10342410102616,116.20522446788132,112.90451068706615,113.99570770005505,2083
2020-06-11,113.99570770005505,115.39938522160048,112.91331461948128,114.31397022761797,4165
2020-06-12,114.31397022761797,115.05991529727854,113.26560942851937,114.00956815103646,3642
2020-06-13,114.00956815103646,115.72868640579335,112.89667668295974,114.60993452941013,1336
2020-06-14,114.60993452941013,115.08026528816492,113.9745595983466,114.44421026580771,3396
2020-06-15,114.44421026580771,116.66312226229371,113.40498170866131,115.6132778044515,2778
2020-06-16,115.6132778044515,116.4643807892813,115.04545998210918,115.89517845284745,4048
2020-06-17,115.89517845284745,118.86764095701274,115.53331525930855,118.49765197779915,4722
2020-06-18,118.49765197779915,119.61952277076675,115.20544165551526,116.30656847128256,2367
2020-06-19,116.30656847128256,117.13908652211757,114.76386461257269,115.5912625303358,1833
2020-06-20,115.5912625303358,116.85784421750989,115.4081423588857,116.67301033656823,1621
2020-06-21,116.67301033656823,120.75377192082316,115.64234153137575,119.6963950679023,1095
2020-06-22,119.6963950679023,120.57166569852367,118.56162391854983,119.43498299359763,2467
2020-06-23,119.43498299359763,120.29324904481466,118.66530313352955,119.5230019604344,1073
2020-06-24,119.5230019604344,120.43034578098828,118.38302712771728,119.28859145039826,2887
2020-06-25,119.28859145039826,121.3205052453485,118.89721138136282,120.92376026692386,4547
2020-06-26,120.92376026692386,121.69820446942578,119.84055982366812,120.61301388183571,2826
2020-06-27,120.61301388183571,122.48455531812827,119.60811779639259,121.47249837520313,3866
2020-06-28,121.47249837520313,121.65313076722039,120.94086905923524,121.12097873348037,1819
2020-06-29,121.12097873348037,121.38436793444383,119.36515436633589,119.62529105078441,1229
2020-06-30,119.62529105078441,121.06712649187794,118.59866533283868,120.03696775935988,3770
2020-07-01,120.03696775935988,121.47096517438762,119.24891152297472,120.67869592022407,1978
2020-07-02,120.67869592022407,122.99316786343832,119.98098114315935,122.2861593911715,4763
2020-07-03,122.2861593911715,122.68170822751605,121.79259261469896,122.1878233717265,4035
2020-07-04,122.1878233717265,122.63450627459851,121.02817508763776,121.47224203468005,3200
2020-07-05,121.47224203468005,123.27635135300775,120.39670548723664,122.19442051060751,1183
2020-07-06,122.19442051060751,123.11320426733833,121.60849906907468,122.52569436983242,2860
2020-07-07,122.52569436983242,123.10110804579347,122.33211941923273,122.90693079033319,1961
2020-07-08,122.90693079033319,124.02204885784491,121.73931629654138,122.8539537101231,1492
2020-07-09,122.8539537101231,124.6769630641788,122.50622450162133,124.32506996777244,3301
2020-07-10,124.32506996777244,125.87574351305146,123.27625773237014,124.82273296877476,4109
2020-07-11,124.82273296877476,128.39833553246774,123.707325064583,127.26113819617832,2593
2020-07-12,127.26113819617832,129.41419579039908,126.57637697375138,128.72157630582382,4579
2020-07-13,128.72157630582382,130.43931814409893,127.8995368615797,129.61159487905104,1737
2020-07-14,129.61159487905104,130.35626625759613,126.82470884376589,127.55757906525372,2623
2020-07-15,127.55757906525372,129.21692863314271,126.71271526147598,128.36670566698913,2265
2020-07-16,128.36670566698913,130.06725547127445,127.25050896052743,128.9460213970117,3604
2020-07-17,128.9460213970117,130.4951943718989,128.4896485414561,130.0349674585116,1697
2020-07-18,130.0349674585116,132.61653491476812,128.8706604223252,131.43965062702637,4965
2020-07-19,131.43965062702637,132.24264344555021,130.15305228225964,130.95307249132543,1425
2020-07-20,130.95307249132543,132.34510564916144,130.6864615470247,132.07620808237215,2440
2020-07-21,132.07620808237215,132.478117368641,130.9752515362393,131.37502712149097,2307
2020-07-22,131.37502712149097,134.86152268805947,130.53897727570492,134.0087124861296,4830
2020-07-23,134.0087124861296,134.43151213587095,131.8579617701991,132.27529245176825,1567
2020-07-24,132.27529245176825,132.56401514859303,129.7219466041117,130.0057154021829,3111
2020-07-25,130.0057154021829,130.32509126833295,127.6014264050091,127.91566779871242,1208
2020-07-26,127.91566779871242,129.01623535788528,125.7284680557588,126.81960525428877,4020
2020-07-27,126.81960525428877,127.6337430990384,124.64056861411598,125.44588766880473,1056
2020-07-28,125.44588766880473,129.19991185324284,124.23256202390886,127.96224771284137,2178
2020-07-29,127.96224771284137,128.4883149626429,127.05889243255626,127.58340220569883,2000
2020-07-30,127.58340220569883,128.39491249603697,125.11866249281125,125.91958989550436,3494
2020-07-31,125.91958989550436,128.18286666103043,125.1148544681401,127.36886908226704,3613
2020-08-01,127.36886908226704,128.20203198010176,125.83346058328735,126.66199960855924,3524
2020-08-02,126.66199960855924,126.85612113870836,124.95076927479282,125.14256212285414,3454
2020-08-03,125.14256212285414,127.26034253388198,124.17235002678895,126.28130195341356,1240
2020-08-04,126.28130195341356,128.32092084622784,125.07735048185862,127.1090774578078,4059
2020-08-05,127.1090774578078,127.84784959051258,125.8595951039312,126.59538157890317,1166
2020-08-06,126.59538157890317,128.77937964774557,126.24939587079118,128.4283843354223,1916
2020-08-07,128.4283843354223,129.63317068594463,127.42968242202058,128.63287855732878,2210
2020-08-08,128.63287855732878,130.9083216540207,128.495772537937,130.76893887047655,4627
2020-08-09,130.76893887047655,131.98731987934323,130.25183861043655,131.46745746378403,2129
2020-08-10,131.46745746378403,134.8095801038627,130.2502716450233,133.57290112522543,2555
2020-08-11,133.57290112522543,134.60129051364342,132.7320188398627,133.75923519827336,4950
2020-08-12,133.75923519827336,134.92250081838773,131.02776377794592,132.177271514631,2509
2020-08-13,132.177271514631,136.36826557805458,131.32577912475037,135.49539765872035,1429
2020-08-14,135.49539765872035,136.63399304131346,133.6656086284799,134.79834654883547,2611
2020-08-15,134.79834654883547,136.00012121836124,133.37120059202573,134.57094792282203,2317
2020-08-16,134.57094792282203,135.09427783695546,133.15197034041745,133.6718035925117,1468
2020-08-17,133.6718035925117,133.95339567076738,133.15912069924997,133.4402249355409,1674
2020-08-18,133.4402249355409,134.8069998975142,132.44052678615023,133.80457215707796,3175
2020-08-19,133.80457215707796,134.7807613799806,133.14048350293425,134.1151313819623,4642
2020-08-20,134.1151313819623,135.33418403263502,133.82804166403903,135.0451035963048,2153
2020-08-21,135.0451035963048,138.39598097009426,134.19318333174556,137.5283950776858,3344
2020-08-22,137.5283950776858,137.71056722950703,137.22202943745054,137.40403686253563,1981
2020-08-23,137.40403686253563,137.78899337752117,135.38045248207803,135.76080525522812,2445
2020-08-24,135.76080525522812,136.85974969912016,133.11903398810185,134.2053877774829,2722
2020-08-25,134.2053877774829,134.3542042185788,133.20700406982343,133.3548774047678,3439
2020-08-26,133.3548774047678,133.85230590593022,130.69087248670263,131.1801891592201,4352
2020-08-27,131.1801891592201,132.4643879902282,131.02377204648994,132.30662773056306,1152
2020-08-28,132.30662773056306,133.6266992386912,130.37469293092107,131.68859813220604,3026
2020-08-29,131.68859813220604,132.51010713523857,130.4998883982207,131.31909232433583,4703
2020-08-30,131.31909232433583,131.83419600612473,130.84104007260896,131.35600936211168,3259
2020-08-31,131.35600936211168,132.58557321939404,128.36020729802559,129.57308198306464,4322
2020-09-01,129.57308198306464,130.29403630483125,127.78539893141487,128.50038468516541,2449
2020-09-02,128.50038468516541,130.0681211086171,127.8460311650957,129.40913999743998,1350
2020-09-03,129.40913999743998,131.07052581717215,128.59504734291343,130.25113629565823,1283
2020-09-04,130.25113629565823,130.69102548662585,129.27600995501803,129.71408539685376,2440
2020-09-05,129.71408539685376,132.61877040666866,129.227969578667,132.12362461210353,1654
2020-09-06,132.12362461210353,132.69768738473994,129.88200799509312,130.4487938101324,4481
2020-09-07,130.4487938101324,130.8662341239485,129.62241575251963,130.03854325142214,2421
2020-09-08,130.03854325142214,130.85270486920024,128.96510816673685,129.77763626534005,1334
2020-09-09,129.77763626534005,130.7201612998004,125.32401821958499,126.24085698708095,4748
2020-09-10,126.24085698708095,128.96139591025727,126.03287202151179,128.74927825798022,4096
2020-09-11,128.74927825798022,130.51953097009033,127.49529249095096,129.26056539423877,4971
2020-09-12,129.26056539423877,130.26590700846845,126.96053887172849,127.95573196664452,2592
2020-09-13,127.95573196664452,131.7251655655116,126.89939745627564,130.64661654238049,3525
2020-09-14,130.64661654238049,132.4741441015238,129.6321764449902,131.4534392167701,3591
2020-09-15,131.4534392167701,132.28610594167097,131.22726716026912,132.05889217381403,2180
2020-09-16,132.05889217381403,132.76346156348802,130.59859281730144,131.29910855887152,1764
2020-09-17,131.29910855887152,132.1369338099199,130.64116129335363,131.4780896599727,2868
2020-09-18,131.4780896599727,132.40530652458907,128.61277906165847,129.52623092297293,3178
2020-09-19,129.52623092297293,131.25731862217287,128.87359547975797,130.5992764936355,3876
2020-09-20,130.5992764936355,131.55772115241254,129.19506726584996,130.1502163528215,2595
2020-09-21,130.1502163528215,131.2940220666158,129.22161954298483,130.36390066026468,3888
2020-09-22,130.36390066026468,132.9400574476931,129.41558974567445,131.97999055100516,4240
2020-09-23,131.97999055100516,133.26554820364882,131.1132242790311,132.39604950333072,3191
2020-09-24,132.39604950333072,133.09704567310152,132.08375018009133,132.78383163904556,4621
2020-09-25,132.78383163904556,134.23662028814394,131.74184741998843,133.19143749539998,4463
2020-09-26,133.19143749539998,134.26088647516548,131.19607175896212,132.25802599283486,3033
2020-09-27,132.25802599283486,134.62730296060377,131.04959408094135,133.40836052619915,1722
2020-09-28,133.40836052619915,135.94460767487595,132.99427188346894,135.52395240792956,3982
2020-09-29,135.52395240792956,136.95100215053233,135.17293045845562,136.59720037073706,2212
2020-09-30,136.59720037073706,138.4757538784568,135.97979576281182,137.85267466218988,3936
2020-10-01,137.85267466218988,138.3882435914506,136.1585582838192,136.68960860621368,3148
2020-10-02,136.68960860621368,137.82950321509847,134.41883958801913,135.5492241979192,1828
2020-10-03,135.5492241979192,136.43324005964558,132.7785894209931,133.65022048736904,2968
2020-10-04,133.65022048736904,136.4090463697414,132.6024006509307,135.3479165692465,3130
2020-10-05,135.3479165692465,136.00421670791602,134.39000314763103,135.044833641458,3056
2020-10-06,135.044833641458,137.24922526340796,134.7889283993312,136.98963469123106,4413
2020-10-07,136.98963469123106,137.26845176441947,135.68672795868946,135.96345643577058,1452
2020-10-08,135.96345643577058,136.55634741080516,134.82004072709944,135.41052053435175,4879
2020-10-09,135.41052053435175,135.95258405401407,135.03886876989142,135.5804658525508,2257
2020-10-10,135.5804658525508,138.02454809016666,134.4433906530269,136.87660255698125,2471
2020-10-11,136.87660255698125,137.87723151563412,136.00104069798945,137.0008747218931,1950
2020-10-12,137.0008747218931,138.3203500468971,136.01452221986892,137.33161633512955,2293
2020-10-13,137.33161633512955,138.1402106039094,136.5872803957366,137.39552826253131,2597
2020-10-14,137.39552826253131,137.927428677047,137.14910070865068,137.68049002625318,4752
2020-10-15,137.68049002625318,138.1094609541979,135.76839393849895,136.1927294527139,2097
2020-10-16,136.1927294527139,137.04666141094077,135.49073509740205,136.34388792158606,3250
2020-10-17,136.34388792158606,136.72392244821873,135.75112914597347,136.13056908399125,2732
2020-10-18,136.13056908399125,136.29791250334742,135.92675912635335,136.09405766272607,2003
2020-10-19,136.09405766272607,137.84167226038753,135.06456337341353,136.80678647744784,1024
2020-10-20,136.80678647744784,137.83615503978186,134.8968119983555,135.91950442808638,1793
2020-10-21,135.91950442808638,136.45958407440799,135.3056522356109,135.8454375753885,2057
2020-10-22,135.8454375753885,137.01254647079037,134.31873109238762,135.4827237511435,3066
2020-10-23,135.4827237511435,136.75094918218457,134.82482204487954,136.09009807695497,1334
2020-10-24,136.09009807695497,138.40839447477208,134.89493097865812,137.20344972710984,3686
2020-10-25,137.20344972710984,138.152017963429,134.99976095500207,135.93959139448063,1814
2020-10-26,135.93959139448063,137.63148425848954,135.0927800543908,136.77944122428795,4278
2020-10-27,136.77944122428795,140.06829989518675,136.3955632401975,139.6762917627716,3311
2020-10-28,139.6762917627716,140.4816540163389,136.88393374451496,137.67777269804722,4043
2020-10-29,137.67777269804722,138.92374163952758,135.34447087429643,136.58050970444603,3556
2020-10-30,136.58050970444603,137.0919963082377,134.91655871998847,135.42371318352792,4917
2020-10-31,135.42371318352792,136.62065709207278,133.89282954182502,135.08679560078303,3952
2020-11-01,135.08679560078303,138.5987173254021,133.84687342283206,137.33813080027028,1038
2020-11-02,137.33813080027028,137.94296005632464,136.79309054822974,137.39768346352136,3609
2020-11-03,137.39768346352136,138.3797566670965,135.51187131042963,136.48743838319132,1886
2020-11-04,136.48743838319132,138.62916844783282,135.24635966928727,137.37997391852898,3062
2020-11-05,137.37997391852898,137.61094701322253,136.36974183772438,136.5994025797321,3028
2020-11-06,136.5994025797321,139.41492381681485,135.3826719821042,138.1840780539637,3833
2020-11-07,138.1840780539637,139.02492506136613,137.8085553226828,138.6481412132654,2581
2020-11-08,138.6481412132654,141.84542391901348,137.44912315353886,140.62927318808252,3425
2020-11-09,140.62927318808252,141.61425033473455,138.76543704954878,139.74421518881798,3745
2020-11-10,139.74421518881798,144.67834425541923,139.1713962779869,144.08772108476143,2388
2020-11-11,144.08772108476143,145.66766044071733,143.74733111550316,145.32434908604068,3167
2020-11-12,145.32434908604068,147.30566877304526,144.3480108942963,146.32262383347847,3549
2020-11-13,146.32262383347847,147.5854015964109,145.02911339706483,146.29162362533677,2869
2020-11-14,146.29162362533677,147.51998236364935,144.0577103542496,145.27755431317854,4064
2020-11-15,145.27755431317854,146.24425387723628,143.10691377143124,144.0655484590089,4031
2020-11-16,144.0655484590089,145.4495449209235,142.53042199935896,143.91295251575204,4226
2020-11-17,143.91295251575204,144.820943679041,141.9119261190649,142.81297719913084,1287
2020-11-18,142.81297719913084,143.6585518617599,142.41588642126322,143.26021753434875,3673
2020-11-19,143.26021753434875,143.9570318663291,141.43296527469363,142.12425430823322,1954
2020-11-20,142.12425430823322,143.62922387055798,141.55139208831483,143.05261967536802,4199
2020-11-21,143.05261967536802,145.9045003551126,141.6324640629474,144.47027100190758,3071
2020-11-22,144.47027100190758,145.1091370996594,142.86261144431623,143.4971743838139,3341
2020-11-23,143.4971743838139,146.7055463693492,142.0716292760169,145.26246432778137,2066
2020-11-24,145.26246432778137,146.08599184779655,144.13889974613818,144.96071658631357,1733
2020-11-25,144.96071658631357,147.06327476522574,144.59099176891266,146.68914156997928,1365
2020-11-26,146.68914156997928,147.62379320496362,146.44399956995198,147.37750084188391,4673
2020-11-27,147.37750084188391,149.73154685716096,146.7389507917788,149.0855960553947,4281
2020-11-28,149.0855960553947,149.40028141996967,147.33920015351737,147.65085711455365,3528
2020-11-29,147.65085711455365,148.64169306250963,146.54743832329225,147.53751366091026,3202
2020-11-30,147.53751366091026,150.44700794113533,146.84035780320494,149.73944733334358,1046
2020-12-01,149.73944733334358,151.22459921319188,147.38506377398434,148.86150804061378,4693
2020-12-02,148.86150804061378,150.25628091758534,144.53628940511544,145.90334548034934,1914
2020-12-03,145.90334548034934,146.24521515325154,142.8039370214061,143.1393302631127,4352
2020-12-04,143.1393302631127,143.79117823670651,139.00219797023115,139.63810155710115,1679
2020-12-05,139.63810155710115,140.3578266896628,136.05305248384533,136.75793259945442,4531
2020-12-06,136.75793259945442,137.5851182604563,135.41297062036872,136.23700543319555,2575
2020-12-07,136.23700543319555,139.13888309386175,135.1439389217023,138.03141951066544,3182
2020-12-08,138.03141951066544,138.7746835317933,136.723378403348,137.46358477914129,3410
2020-12-09,137.46358477914129,138.60981117047734,136.80651682117107,137.9504161866311,1068
2020-12-10,137.9504161866311,138.413653317579,137.37724498718435,137.84011171601304,3672
2020-12-11,137.84011171601304,139.16149735856564,136.57236102462687,137.8932578684499,1039
2020-12-12,137.8932578684499,138.05879094786457,137.5375181333385,137.70282260596036,3350
2020-12-13,137.70282260596036,138.85816265636117,136.3507497841413,137.50442526156138,2813
2020-12-14,137.50442526156138,138.5540259512806,137.13368368551494,138.18145894645326,1323
2020-12-15,138.18145894645326,139.17247040469206,135.6272428677869,136.60696233216765,3121
2020-12-16,136.60696233216765,138.61458173095613,136.0336386888095,138.0352636718384,2252
2020-12-17,138.0352636718384,140.71405910354545,136.68694713549118,139.35287228008696,2048
2020-12-18,139.35287228008696,139.64620299223952,138.83020290860185,139.1230498562352,1199
2020-12-19,139.1230498562352,140.66726079364,138.74906914667991,140.2901427876908,3080
2020-12-20,140.2901427876908,141.5534530374376,138.09660964027165,139.35146713237648,4340
2020-12-21,139.35146713237648,140.2225053323834,137.77980268419824,138.64643396381368,4926
2020-12-22,138.64643396381368,139.43043034040852,138.1219043538076,138.90492281088248,2985
2020-12-23,138.90492281088248,139.04478332584597,138.54290950591115,138.68254611434446,3695
2020-12-24,138.68254611434446,139.10530316502238,137.68205318706282,138.10304369435949,3818
2020-12-25,138.10304369435949,138.4218728980433,136.90185987673186,137.2186473340518,1740
2020-12-26,137.2186473340518,137.6071002092044,136.1103227172453,136.49673191885861,1992
2020-12-27,136.49673191885861,139.07570222772912,135.25912928919965,137.82604682871113,3580
2020-12-28,137.82604682871113,139.0468891955273,134.01635066137368,135.21405641041883,4459
2020-12-29,135.21405641041883,136.7234317967287,134.22664157429432,135.73223292224975,1597
2020-12-30,135.73223292224975,136.4427204566918,134.74329812025655,135.45232045876276,2118
2020-12-31,135.45232045876276,137.63518611654567,134.30853072064596,136.48269565940893,2443
2021-01-01,136.48269565940893,137.9782609732863,135.73716745446998,137.22865799565324,4857
2021-01-02,137.22865799565324,137.81481623148304,132.93265939920082,133.50290345397556,3833
2021-01-03,133.50290345397556,134.79351347243636,133.0382562207461,134.32600150576258,4511
2021-01-04,134.32600150576258,136.05944887834963,133.07372488105065,134.80272789213402,1683
2021-01-05,134.80272789213402,135.47727960331952,134.19842032425814,134.87265854311102,1692
2021-01-06,134.87265854311102,135.60581658535673,133.55235440453646,134.28230331836818,2631
2021-01-07,134.28230331836818,135.91934796893534,133.8405222051732,135.4736474017071,1281
2021-01-08,135.4736474017071,136.68812782832728,133.74589862622466,134.9557361343958,1103
2021-01-09,134.9557361343958,138.10765950941027,134.35526798074227,137.49588927176916,2241
2021-01-10,137.49588927176916,138.82432342203464,136.99015568153553,138.31557488676424,4997
2021-01-11,138.31557488676424,142.40096965686863,137.28396827429117,141.34675542490433,1691
2021-01-12,141.34675542490433,141.7309118049091,139.90159186826983,140.28285675309152,2091
2021-01-13,140.28285675309152,140.57236320707227,137.5979004761638,137.88245313639328,4247
2021-01-14,137.88245313639328,140.09856480807946,136.705904915925,138.91322106544678,4576
2021-01-15,138.91322106544678,141.22356763312902,137.8439749846498,140.14484149487535,1404
2021-01-16,140.14484149487535,141.12201936544838,139.25987097643522,140.23647024035017,1127
2021-01-17,140.23647024035017,140.68326702470827,137.69636784234748,138.13647398787845,2223
2021-01-18,138.13647398787845,139.04944892939935,136.65124519499108,137.5604128190327,1463
2021-01-19,137.5604128190327,139.38858282758738,136.63254061319623,138.45467862194698,2544
2021-01-20,138.45467862194698,139.00131499956743,137.69558451385942,138.24137875695098,4479
2021-01-21,138.24137875695098,138.46358851424145,137.90054396849396,138.1225627404338,4186
2021-01-22,138.1225627404338,139.3552855323613,136.6908661468173,137.92179713636978,2980
2021-01-23,137.92179713636978,138.63066146409875,135.97823371944506,136.680719390863,1312
2021-01-24,136.680719390863,137.75706016390924,134.9239737523828,135.99491390705438,4209
2021-01-25,135.99491390705438,136.44165687128523,133.66832272835745,134.10887004304325,3094
2021-01-26,134.10887004304325,137.40518479966624,133.2609687720537,136.5419007295317,2980
2021-01-27,136.5419007295317,137.20537918622009,135.27460226024908,135.93513233438065,1833
2021-01-28,135.93513233438065,137.2333811495459,135.33172908935654,136.62690718115397,4704
2021-01-29,136.62690718115397,136.9193462079363,134.98887015781244,135.27842286117354,3933
2021-01-30,135.27842286117354,136.83469952962503,134.8457483577041,136.39844275456346,4262
2021-01-31,136.39844275456346,136.6322398125688,133.67789984655872,133.90742711881487,2813
2021-02-01,133.90742711881487,135.6901084511018,133.40852490439937,135.18644098308624,2805
2021-02-02,135.18644098308624,136.2240433138997,134.14163783665714,135.17918447125183,1406
2021-02-03,135.17918447125183,139.00655931701948,134.29576936953333,138.10402993624925,2819
2021-02-04,138.10402993624925,139.07789810901522,135.39077408256898,136.35228950754586,1409
2021-02-05,136.35228950754586,136.64421474619076,136.20564974926106,136.49741890882285,2911
2021-02-06,136.49741890882285,138.01443648301526,135.52755113807865,137.04070842686826,3449
2021-02-07,137.04070842686826,139.5496448304715,136.28306157375292,138.7823689871253,1483
2021-02-08,138.7823689871253,139.2095655521085,137.81270076237038,138.23822234819957,2696
2021-02-09,138.23822234819957,138.75556378969392,137.88238768338226,138.399314462726,3269
2021-02-10,138.399314462726,138.7681274177644,135.1452355247345,135.5063391440708,2640
2021-02-11,135.5063391440708,136.67146872637622,133.27054231689613,134.4263860956579,1270
2021-02-12,134.4263860956579,136.40495500533635,133.10318576004525,135.07536655510805,1981
2021-02-13,135.07536655510805,137.8761771277179,133.82947775570025,136.61607734106423,2076
2021-02-14,136.61607734106423,137.17979964680146,135.71029264098058,136.27259763790607,2945
2021-02-15,136.27259763790607,140.2618236714848,135.17941596832878,139.14559475805268,4056
2021-02-16,139.14559475805268,142.49743074845114,138.32211842201187,141.65907938089023,4311
2021-02-17,141.65907938089023,142.84164676591882,140.43345904331505,141.6156639975231,2468
2021-02-18,141.6156639975231,142.37380948199564,137.53987051559838,138.28015923335454,2363
2021-02-19,138.28015923335454,139.1526464278068,135.027242142209,135.88461449939388,2782
2021-02-20,135.88461449939388,136.98329202457995,133.7816883092062,134.87217992521877,3500
2021-02-21,134.87217992521877,136.68598718708887,134.61563796191945,136.42648875464303,3284
2021-02-22,136.42648875464303,137.68999788769972,135.6307043074071,136.8915009942852,3777
2021-02-23,136.8915009942852,137.47929258226017,133.51890458366682,134.09468707184524,4096
2021-02-24,134.09468707184524,134.95809079279147,132.9667280960549,133.82841736987066,4565
2021-02-25,133.82841736987066,137.35588837898575,132.53975374335926,136.0458723844432,4129
2021-02-26,136.0458723844432,136.66289571903027,134.96268816451354,135.57758763741276,4007
2021-02-27,135.57758763741276,136.19267020465827,133.99430559225087,134.60497565529624,4724
2021-02-28,134.60497565529624,138.5558649407075,133.5125576201722,137.44043507417112,4090
2021-03-01,137.44043507417112,138.49128098582185,136.5050559366517,137.55512132742734,3915
2021-03-02,137.55512132742734,138.1803033111601,136.31628796180135,136.938668193119,3074
2021-03-03,136.938668193119,138.4500505432464,135.9526282441797,137.46025485973695,3765
2021-03-04,137.46025485973695,138.16267127294665,136.822987127578,137.52510290431394,2305
2021-03-05,137.52510290431394,137.83109878711969,136.67249914881478,136.97727610692277,4072
2021-03-06,136.97727610692277,139.3853862130876,136.2847478438682,138.6842279609125,4478
2021-03-07,138.6842279609125,140.8447728778363,138.12813547532917,140.28227259358027,3062
2021-03-08,140.28227259358027,141.92838285012206,139.86679572921275,141.509271956746,1970
2021-03-09,141.509271956746,142.829832692282,140.08656879915532,141.40616736540665,4751
2021-03-10,141.40616736540665,144.11135260874877,140.38708781944902,143.0802086580189,1971
2021-03-11,143.0802086580189,143.99440362848952,142.1380060753663,143.0520209435922,3323
2021-03-12,143.0520209435922,144.87409440495736,141.94767117959015,143.7642463199868,1649
2021-03-13,143.7642463199868,146.15565461769998,142.9192375226615,145.30160959941531,4555
2021-03-14,145.30160959941531,147.59593021591434,144.24021074255276,146.52559042677603,3375
2021-03-15,146.52559042677603,150.6153151112973,145.1519073938621,149.21640558303807,3741
2021-03-16,149.21640558303807,151.25026547291054,147.90874011450512,149.93629125015912,3280
2021-03-17,149.93629125015912,150.31217804144038,147.10693253981503,147.4766530754587,2602
2021-03-18,147.4766530754587,147.97339149141067,145.3281430993647,145.81929913087865,4867
2021-03-19,145.81929913087865,148.0888435582688,145.57950038491884,147.84571239087066,2496
2021-03-20,147.84571239087066,149.29579130594738,145.95523183176465,147.4009484778105,1258
2021-03-21,147.4009484778105,148.47912596552973,146.93995836620417,148.01621164489362,1469
2021-03-22,148.01621164489362,149.04424125110907,145.7856850545649,146.80530444382342,4197
2021-03-23,146.80530444382342,148.59449855953537,146.54007478098757,148.32652055162504,4091
2021-03-24,148.32652055162504,148.75621335643507,147.37297206106152,147.80114287907602,1142
2021-03-25,147.80114287907602,150.84593739132762,146.98447956923357,150.01703037362012,1269
2021-03-26,150.01703037362012,150.3087509428408,148.97522353156518,149.26548265385506,3401
2021-03-27,149.26548265385506,151.66855545509264,148.59380878590093,150.98912543485798,2661
2021-03-28,150.98912543485798,152.94473853355848,150.1070636511959,152.05644160677846,1594
2021-03-29,152.05644160677846,152.67270168037106,150.3952436818357,151.0072515584839,3966
2021-03-30,151.0072515584839,153.6385825469831,150.10073963971834,152.72177815037594,3109
2021-03-31,152.72177815037594,153.61228584176294,150.51360768236063,151.39638713151075,3553
2021-04-01,151.39638713151075,152.0800166832019,149.52312836287547,150.20136178419705,3001
2021-04-02,150.20136178419705,152.43435984199124,149.10993399055042,151.33469674831366,3187
2021-04-03,151.33469674831366,152.41013287288544,149.36736169294124,150.43641431525384,2180
2021-04-04,150.43641431525384,151.51740952162427,148.51565862310665,149.59057586414417,4308
2021-04-05,149.59057586414417,150.49611064672663,148.21904944128084,149.12174620037692,2964
2021-04-06,149.12174620037692,149.7514454650893,147.05838854784758,147.6820082032389,4970
2021-04-07,147.6820082032389,150.25114195339154,146.71941524656506,149.2781453571617,3563
2021-04-08,149.2781453571617,151.6498097780408,147.87170244200018,150.2343577866105,3570
2021-04-09,150.2343577866105,151.1916506223362,149.2183677699565,150.17528418891115,1031
2021-04-10,150.17528418891115,151.64945156850789,148.58459260876958,150.05760481092673,4837
2021-04-11,150.05760481092673,151.52908127343778,149.31195963163694,150.77984722854103,2644
2021-04-12,150.77984722854103,154.68665713871363,149.6254001728749,153.51129671909317,1091
2021-04-13,153.51129671909317,155.1079609329152,153.30583184081559,154.90063651375755,2760
2021-04-14,154.90063651375755,156.1216469385331,152.9460911784345,154.16127354522015,1614
2021-04-15,154.16127354522015,156.2913710663021,153.28802173537105,155.41103991209712,1114
2021-04-16,155.41103991209712,155.57388718325512,155.110438152846,155.2731409267181,3333
2021-04-17,155.2731409267181,155.8157896460581,154.46922131946806,155.01095374680446,3359
2021-04-18,155.01095374680446,158.8971526856808,154.1097991029408,157.97874481782858,4357
2021-04-19,157.97874481782858,159.22861986684453,156.12047570217018,157.36549895480053,3081
2021-04-20,157.36549895480053,157.59805893872306,156.4287043542513,156.66022205644606,3601
2021-04-21,156.66022205644606,157.59101578841282,152.76472835118662,153.67780209161424,1363
2021-04-22,153.67780209161424,154.9393356391078,150.33890242106747,151.58324182596925,1833
2021-04-23,151.58324182596925,153.35708220990134,150.54546543650002,152.31430080969685,3153
2021-04-24,152.31430080969685,153.74346941797586,149.8851935054271,151.30489079619682,3225
2021-04-25,151.30489079619682,152.3868371693015,151.05182080725763,152.13238313074663,4097
2021-04-26,152.13238313074663,152.66351655527015,149.96546077700535,150.4908632317812,2365
2021-04-27,150.4908632317812,151.8863857047878,148.00008882255383,149.38535981028386,2205
2021-04-28,149.38535981028386,151.62784091446497,148.20744932645644,150.4416019127192,3029
2021-04-29,150.4416019127192,153.67825912218564,149.47912722741987,152.7013274740459,2712
2021-04-30,152.7013274740459,154.96037715015206,151.40386807480425,153.65481623031877,1512
2021-05-01,153.65481623031877,156.96306115068205,152.2620288317975,155.55306726179015,1806
2021-05-02,155.55306726179015,159.81870819146002,154.03572748426032,158.2748191311125,1775
2021-05-03,158.2748191311125,161.57524094524098,156.6941784380563,159.97759516505099,3325
2021-05-04,159.97759516505099,160.3386396413387,158.20473420266885,158.56258522225275,4845
2021-05-05,158.56258522225275,158.82181576830783,158.18412639047196,158.44316169357924,2551
2021-05-06,158.44316169357924,159.75760632176505,158.17995593092286,159.49265713739365,3679
2021-05-07,159.49265713739365,159.67331353201325,158.70007169478347,158.88003417497694,4533
2021-05-08,158.88003417497694,161.2035846049933,157.331528883142,159.64759834062144,4920
2021-05-09,159.64759834062144,159.94340973449295,156.90220166472344,157.19346579087636,3495
2021-05-10,157.19346579087636,158.54149901759493,154.6057640944523,155.94307442567253,4575
2021-05-11,155.94307442567253,157.94088695415186,154.8254994983857,156.8170486408597,1353
2021-05-12,156.8170486408597,157.66198117393586,152.56738743475282,153.39387586324204,2266
2021-05-13,153.39387586324204,154.02589758344712,151.12436013012518,151.7496070452674,1670
2021-05-14,151.7496070452674,152.40306637752425,151.1148642237435,151.76824559411753,4940
2021-05-15,151.76824559411753,152.2667359762483,148.73567787656168,149.2258175267334,1160
2021-05-16,149.2258175267334,150.7298301049264,147.85306509204614,149.35588119352877,2864
2021-05-17,149.35588119352877,150.4806479110474,147.0947835649607,148.2109278876916,2708
2021-05-18,148.2109278876916,148.3937211878223,147.64140703738136,147.8237227850161,1680
2021-05-19,147.8237227850161,148.58556061599566,146.72552370536727,147.48561905409733,2347
2021-05-20,147.48561905409733,148.33142001931074,146.96474240415606,147.80939986895743,2688
2021-05-21,147.80939986895743,147.99574254018543,146.83716132662082,147.0225119716795,4918
2021-05-22,147.0225119716795,148.51779715664844,145.70487607013288,147.19858327990713,3866
2021-05-23,147.19858327990713,148.36719993071637,145.1982839108412,146.3602449532491,3736
2021-05-24,146.3602449532491,147.80465663873508,145.77954374558502,147.2205421025833,1883
2021-05-25,147.2205421025833,151.00390258449374,146.0178934768181,149.7803428763562,2460
2021-05-26,149.7803428763562,150.70926940254068,149.1929425805865,150.1205349602012,3335
2021-05-27,150.1205349602012,150.98810821654885,149.5544391307042,150.4208798040673,1257
2021-05-28,150.4208798040673,151.82776354115137,147.3337107647267,148.72473044791113,2472
2021-05-29,148.72473044791113,151.27137738966402,147.26838138176277,149.80445539183816,2002
2021-05-30,149.80445539183816,150.6601381028456,147.86826352072774,148.71773890964218,2439
2021-05-31,148.71773890964218,150.14058345993527,146.15214810427454,147.56395391294342,4602
2021-06-01,147.56395391294342,149.76806192999996,146.2370634956889,148.4333538955356,2730
2021-06-02,148.4333538955356,149.58918530159107,147.59288074673907,148.74693655587495,4855
2021-06-03,148.74693655587495,151.10326676321367,148.0991824375672,150.44810450213245,1614
2021-06-04,150.44810450213245,153.80921472327645,149.33581289913695,152.680419190957,3731
2021-06-05,152.680419190957,153.4592100718315,151.12938338465113,151.90421501036548,2191
2021-06-06,151.90421501036548,153.12585290657194,150.92490128762452,152.1449869473645,4348
2021-06-07,152.1449869473645,156.42910707374685,150.63667391933143,154.8935457795821,4713
2021-06-08,154.8935457795821,157.69095919234422,153.65978054497276,156.444837536883,3176
2021-06-09,156.444837536883,158.24341323174198,155.81773033850106,157.61162896433888,3221
2021-06-10,157.61162896433888,160.0194527223041,157.32777294434587,159.7317783472216,4313
2021-06-11,159.7317783472216,160.15732781442244,158.39347542439378,158.81658668343755,3559
2021-06-12,158.81658668343755,160.79673855776105,157.90471474720195,159.87876793063464,4538
2021-06-13,159.87876793063464,162.96753660780482,159.11871677633368,162.19646729206954,1413
2021-06-14,162.19646729206954,166.24954382717286,160.86549331231092,164.89641425295733,3668
2021-06-15,164.89641425295733,166.44624614126542,162.08361879907704,163.6214676928262,3168
2021-06-16,163.6214676928262,164.04701158051455,162.8345612059715,163.2591628173963,3202
2021-06-17,163.2591628173963,165.3672352351583,161.83217962575608,163.93435049744858,3426
2021-06-18,163.93435049744858,165.51083408669825,161.937908422155,163.51031424372997,4719
2021-06-19,163.51031424372997,165.08577462187637,161.35000594179672,162.91977634827134,4252
2021-06-20,162.91977634827134,164.30719050311762,162.70133949301265,164.08718842460328,4708
2021-06-21,164.08718842460328,164.33631405284177,163.30905004666334,163.55737127919937,3691
2021-06-22,163.55737127919937,163.7294625075916,160.5382070004268,160.7072994501138,1533
2021-06-23,160.7072994501138,161.95362725808732,160.0943408529115,161.3382620871066,2107
2021-06-24,161.3382620871066,161.58047691516555,160.46178684507325,160.7030480353507,2359
2021-06-25,160.7030480353507,161.28877245745127,158.99798183632078,159.57961159957603,1446
2021-06-26,159.57961159957603,160.25050796425074,156.4869371529609,157.14760901793574,2861
2021-06-27,157.14760901793574,160.31830411921803,155.64164883986103,158.79654206215562,1510
2021-06-28,158.79654206215562,159.6369820192361,154.52347604826167,155.34565196832543,3824
2021-06-29,155.34565196832543,155.8900058104591,152.23859755840502,152.7739397454867,2480
2021-06-30,152.7739397454867,153.61832845347564,151.55649697566216,152.3988123369247,4627
2021-07-01,152.3988123369247,155.37750587443014,151.36399067197107,154.32957391106837,2003
2021-07-02,154.32957391106837,156.72405952876775,154.02072786193625,156.41104801066078,3683
2021-07-03,156.41104801066078,157.63458202431914,153.45146484797726,154.66131145129887,3655
2021-07-04,154.66131145129887,156.0018402152043,153.0945988501769,154.43315002217076,4445
2021-07-05,154.43315002217076,155.76100465916468,150.85533422027507,152.1636753495333,4033
2021-07-06,152.1636753495333,155.1423366525498,150.79198654129053,153.75629111158733,3124
2021-07-07,153.75629111158733,154.43844343912784,150.87576421711603,151.54811981256614,2096
2021-07-08,151.54811981256614,152.3049885227581,150.62065839234305,151.37667084407528,2722
2021-07-09,151.37667084407528,153.2872298721419,151.0869005823978,152.9943629703538,2860
2021-07-10,152.9943629703538,153.45828200958908,152.2372361361435,152.70026338830317,4130
2021-07-11,152.70026338830317,156.5183536077637,151.21267510148263,155.00828088173643,2489
2021-07-12,155.00828088173643,155.56036081176637,153.16419025768374,153.71165209424024,2983
2021-07-13,153.71165209424024,155.74112447205704,152.30264420099576,154.32648071215038,4548
2021-07-14,154.32648071215038,157.09924873408664,152.93523202921594,155.69565696749498,3356
2021-07-15,155.69565696749498,157.1440221182703,154.07815724090915,155.52493423656998,3853
2021-07-16,155.52493423656998,158.1227559975247,155.1508429456669,157.74332870019472,4119
2021-07-17,157.74332870019472,160.07276278198052,156.33665267826993,158.65793079650982,1947
2021-07-18,158.65793079650982,159.71902782733525,155.08379612104775,156.12797290849417,4863
2021-07-19,156.12797290849417,162.95164598998832,155.67588038078026,162.48115684230834,4782
2021-07-20,162.48115684230834,164.25927261293046,161.81400218776258,163.58757495776885,3816
2021-07-21,163.58757495776885,164.21198842067915,163.18854084147154,163.81240588125803,2943
2021-07-22,163.81240588125803,164.6313259536207,160.77761027372892,161.58539723273677,3281
2021-07-23,161.58539723273677,162.04983229666934,161.30198055274658,161.7660986709491,3454
2021-07-24,161.7660986709491,162.16855111480848,160.67136407370455,161.07208991649247,3647
2021-07-25,161.07208991649247,162.61191776956179,160.62515237773243,162.161956105936,1571
2021-07-26,162.161956105936,163.9900212367327,160.9912690409644,162.81462241308554,1520
2021-07-27,162.81462241308554,166.93218754507106,161.81099631332813,165.90948401948248,4330
2021-07-28,165.90948401948248,167.6679886329711,164.4395412205102,166.1955116554001,4474
2021-07-29,166.1955116554001,167.63626169634705,165.66340239025982,167.10125251472726,1131
2021-07-30,167.10125251472726,168.89358611534166,165.9872767587638,167.7751180538921,1485
2021-07-31,167.7751180538921,167.99488355836078,167.35693411819102,167.5764393771589,1370
2021-08-01,167.5764393771589,168.52254011760945,166.37492332232887,167.3195738549719,3190
2021-08-02,167.3195738549719,170.7066208182917,165.85234209757076,169.22270047064058,4151
2021-08-03,169.22270047064058,172.28063521278494,167.55464880792056,170.5990170068045,3755
2021-08-04,170.5990170068045,170.7847749028318,169.39478676007198,169.57943447675044,3082
2021-08-05,169.57943447675044,170.13490435111282,167.20258251937014,167.75206671661746,4409
2021-08-06,167.75206671661746,168.25777998681556,167.18379824556004,167.68932236368073,3026
2021-08-07,167.68932236368073,169.94149240981466,167.44988911865138,169.69918939955699,3476
2021-08-08,169.69918939955699,169.88862214697187,169.51395389192098,169.70338206282545,3602
2021-08-09,169.70338206282545,173.6798426265422,168.78498845952993,172.74498858539266,2698
2021-08-10,172.74498858539266,172.98844488858992,171.22105078759398,171.46269991095429,1078
2021-08-11,171.46269991095429,172.3592532507775,170.86173117605773,171.75725212416526,4947
2021-08-12,171.75725212416526,172.91829183706488,166.4069666880237,167.53949533034893,3476
2021-08-13,167.53949533034893,168.15138782896813,165.98601264551382,166.59445363604243,3364
2021-08-14,166.59445363604243,167.1653548881683,165.5607913879861,166.1301013548502,3627
2021-08-15,166.1301013548502,168.08598524174064,165.08100327113965,167.0311968134678,2194
2021-08-16,167.0311968134678,170.7161552735174,166.2921160555526,169.96409699922486,3454
2021-08-17,169.96409699922486,171.31991951832725,168.71949966442997,170.0745136348282,4753
2021-08-18,170.0745136348282,173.5604698983553,169.1450367637907,172.6170975126016,2220
2021-08-19,172.6170975126016,174.97956377471567,171.4607557048546,173.8151960446103,4180
2021-08-20,173.8151960446103,176.32484425424082,173.0885530792194,175.59077837967618,4431
2021-08-21,175.59077837967618,176.21998958746744,174.20012553850066,174.82659838713366,3937
2021-08-22,174.82659838713366,177.70786245140792,174.44217846954388,177.31796435881296,2193
2021-08-23,177.31796435881296,178.9907329996299,173.82279906206136,175.47821198776913,1167
2021-08-24,175.47821198776913,177.8563502591087,174.0316533789587,176.40217494080034,2744
2021-08-25,176.40217494080034,178.06780959226512,173.13276613477632,174.7831131892649,4322
2021-08-26,174.7831131892649,175.24950876945758,173.46787179209434,173.93199623075378,3474
2021-08-27,173.93199623075378,175.5666790285832,169.8486106969699,171.4600612565264,1835
2021-08-28,171.4600612565264,173.07552003858987,169.0205722535143,170.6281933602103,3557
2021-08-29,170.6281933602103,171.8880955680203,170.02213897400958,171.27972699908213,2506
2021-08-30,171.27972699908213,171.87436023793293,170.61893118557128,171.21333392704713,4597
2021-08-31,171.21333392704713,172.23425920442548,167.96438505406837,168.97194519004358,3585
2021-09-01,168.97194519004358,171.98446385907718,168.52119509606354,171.5268981644834,4110
2021-09-02,171.5268981644834,173.01509767920683,170.672881176691,172.157938796902,4787
2021-09-03,172.157938796902,174.41844439454582,171.69864572257916,173.95435872548387,3035
2021-09-04,173.95435872548387,177.0489983739424,172.29720283424157,175.37827768495868,2797
2021-09-05,175.37827768495868,176.33311102382598,173.3195938231076,174.26838443483797,4314
2021-09-06,174.26838443483797,175.95447634778594,169.30870598335,170.96281565925435,3421
2021-09-07,170.96281565925435,172.12612787333168,168.30269360293101,169.45575103335878,4676
2021-09-08,169.45575103335878,172.5156453150561,168.5476644448169,171.59608899364983,4990
2021-09-09,171.59608899364983,173.26215955854568,168.19957743490832,169.84868197560908,4879
2021-09-10,169.84868197560908,171.68380885544994,169.459947932373,171.29177200047818,1073
2021-09-11,171.29177200047818,172.43787991496285,169.15760393239466,170.29705623465372,1014
2021-09-12,170.29705623465372,172.20890456944042,169.11230041303196,171.01912531660167,3095
2021-09-13,171.01912531660167,171.85789861182275,167.15467316992672,167.9785337058876,2607
2021-09-14,167.9785337058876,170.2622655296564,167.7208185150861,170.00144675525414,1129
2021-09-15,170.00144675525414,170.92532019743453,169.06122649986472,169.985010619811,3465
2021-09-16,169.985010619811,172.4386156389691,169.1034334242342,171.54892764831058,1198
2021-09-17,171.54892764831058,173.34674988706288,170.13180976821317,171.9265128805957,4644
2021-09-18,171.9265128805957,173.92988458722374,171.35744490675924,173.35608480336037,2767
2021-09-19,173.35608480336037,174.14015240496474,172.44792726614563,173.23143107473317,1915
2021-09-20,173.23143107473317,175.12825312330725,172.68375126720642,174.5763213780237,3831
2021-09-21,174.5763213780237,175.82942859569633,170.77764940663795,172.0123524793068,3417
2021-09-22,172.0123524793068,173.71681446518582,168.52781537429658,170.2144621528838,1122
2021-09-23,170.2144621528838,171.95063398406768,169.7724380320383,171.50525784000646,1609
2021-09-24,171.50525784000646,172.94470501270555,170.05020230777816,171.48951737039053,3799
2021-09-25,171.48951737039053,172.0175159367045,170.62206310719708,171.14901329652815,2127
2021-09-26,171.14901329652815,171.40946483910898,170.633082617165,170.8931447835665,1866
2021-09-27,170.8931447835665,172.19069432911456,170.50874651693235,171.80424667665588,4125
2021-09-28,171.80424667665588,173.42202041222032,169.2304334978321,170.83911922848793,2349
2021-09-29,170.83911922848793,173.31002011568145,169.3021003562462,171.76467413797582,4988
2021-09-30,171.76467413797582,172.38360142484228,169.63644627485516,170.2499153640865,3467
2021-10-01,170.2499153640865,171.87237604780088,167.99250260039304,169.60885404888376,4110
2021-10-02,169.60885404888376,172.82104332657292,168.14184349791907,171.339067510862,2585
2021-10-03,171.339067510862,174.08728957109963,170.49746831940286,173.2363710275,3769
2021-10-04,173.2363710275,174.13935625564247,170.5041005673463,171.3975007836531,2210
2021-10-05,171.3975007836531,174.04577028994757,170.25450617902558,172.89280399092323,4724
2021-10-06,172.89280399092323,173.3115998985147,170.7421842119228,171.15677495980307,4659
2021-10-07,171.15677495980307,172.66314865708816,170.96284769619768,172.46773602375734,4765
2021-10-08,172.46773602375734,173.05233406864616,168.7007938020913,169.27456825947885,1536
2021-10-09,169.27456825947885,169.46737075490353,167.25361482598063,167.44433269648272,1735
2021-10-10,167.44433269648272,168.62824610896686,165.46598205248216,166.64423840661283,1022
2021-10-11,166.64423840661283,167.63797458236044,165.4245667812734,166.4169475718781,2645
2021-10-12,166.4169475718781,169.51133266523402,165.7687813010559,168.85367574435722,1673
2021-10-13,168.85367574435722,171.8053800594974,167.49916177658977,170.43815567727597,4992
2021-10-14,170.43815567727597,173.59701144009605,170.0440909214109,173.19656904252844,2950
2021-10-15,173.19656904252844,175.9134424505623,172.64166009535938,175.35162885178005,4543
2021-10-16,175.35162885178005,175.98829972941624,174.27372561917818,174.90878862194245,2920
2021-10-17,174.90878862194245,175.39212938529468,174.01372033524714,174.49592018310872,4415
2021-10-18,174.49592018310872,176.74021153782374,174.18331978902742,176.42415680780078,2639
2021-10-19,176.42415680780078,178.10723681209353,174.86636932456736,176.54835270570644,2261
2021-10-20,176.54835270570644,176.86502709933913,176.00801727942724,176.32428977186615,1163
2021-10-21,176.32428977186615,177.58560671599895,172.792892938269,174.03785410948836,3298
2021-10-22,174.03785410948836,174.40048075576883,173.5424859268146,173.904835414292,2709
2021-10-23,173.904835414292,174.09548572513427,168.98354954747657,169.16900801322748,3312
2021-10-24,169.16900801322748,170.18662964435225,167.436388253663,168.44968284605577,1681
2021-10-25,168.44968284605577,169.99335262282972,165.32809523006378,166.8571712601306,3794
2021-10-26,166.8571712601306,169.53680293515143,165.3981537993367,168.0672048079048,4214
2021-10-27,168.0672048079048,168.7472152155418,166.63785662360078,167.3148228468317,3283
2021-10-28,167.3148228468317,167.52303434213496,166.60762292941266,166.81521269512268,1488
2021-10-29,166.81521269512268,170.51648487766136,165.4460377694435,169.12832454475438,4134
2021-10-30,169.12832454475438,170.52428680015734,166.03173587215875,167.41354456615866,4978
2021-10-31,167.41354456615866,169.47601471536007,165.937560955918,167.99490559776274,4997
2021-11-01,167.99490559776274,169.17537545933007,163.73174082504025,164.89039585733957,1670
2021-11-02,164.89039585733957,166.45321474726933,163.5267506741313,165.08793590593106,1677
2021-11-03,165.08793590593106,167.32155934992622,163.58935271988472,165.81636387029434,4681
2021-11-04,165.81636387029434,168.1491244608585,164.97327561657283,167.29850032943503,1621
2021-11-05,167.29850032943503,168.3057088605803,164.85300342372724,165.85150039634507,1295
2021-11-06,165.85150039634507,167.35698882829996,164.9301654319276,166.43242671353113,3186
2021-11-07,166.43242671353113,168.22002293242295,165.22947724252757,167.01287804329166,2091
2021-11-08,167.01287804329166,168.2244931475687,165.81937699266282,167.03086356945965,3102
2021-11-09,167.03086356945965,168.28273416834764,166.08165678256324,167.3318171157996,4661
2021-11-10,167.3318171157996,169.58169260595318,165.91682357290847,168.1596983229601,2658
2021-11-11,168.1596983229601,169.81839073818855,167.22607324273216,168.88076230031652,2709
2021-11-12,168.88076230031652,170.3033677478669,165.84828112943515,167.25721021736868,4785
2021-11-13,167.25721021736868,167.84873303599284,164.73387928350854,165.3185458103596,1452
2021-11-14,165.3185458103596,170.00656583012372,164.88765070854672,169.5646035761995,1620
2021-11-15,169.5646035761995,174.58535000639327,167.91493750359678,172.9032032480081,1635
2021-11-16,172.9032032480081,174.23065993636507,169.2552450451652,170.56474834956487,3792
2021-11-17,170.56474834956487,171.95790763965792,169.99538185808933,171.3858003736975,2175
2021-11-18,171.3858003736975,173.5912353840505,170.31787521422734,172.51626615878735,3129
2021-11-19,172.51626615878735,175.53816771771582,170.86056539798304,173.86947967921765,1320
2021-11-20,173.86947967921765,174.46674515530754,173.56924444013828,174.16599789297393,2895
2021-11-21,174.16599789297393,174.47110325764686,172.30855461707716,172.61093581176792,1337
2021-11-22,172.61093581176792,173.74537173138515,171.21533379996907,172.34804192483807,2617
2021-11-23,172.34804192483807,172.86860907028336,171.03695913350396,171.5551313390612,4104
2021-11-24,171.5551313390612,173.1925757694832,170.20213509995853,171.83735373950262,1477
2021-11-25,171.83735373950262,172.8878595587488,170.38022591123385,171.428230608222,2934
2021-11-26,171.428230608222,172.62748984886377,170.05597795579098,171.2540184617721,1030
2021-11-27,171.2540184617721,173.40013686485767,170.9165923694963,173.059154068574,2446
2021-11-28,173.059154068574,175.56266630142957,172.75482133225006,175.25447299258153,2146
2021-11-29,175.25447299258153,176.41572483601604,172.1007184390171,173.24867971645534,2376
2021-11-30,173.24867971645534,174.06079699644204,171.6967971198854,172.50543035804102,3775
